1,niklas.meier@example.com,Niklas,Meier,$pbkdf2-sha256$29000$static_salt$55789e79eca2f9a1e0786388b869f34f28a64ccbc37eb85ceeb031fd9677e06e
2,lena.mueller@example.com,Lena,Mueller,$pbkdf2-sha256$29000$static_salt$55789e79eca2f9a1e0786388b869f34f28a64ccbc37eb85ceeb031fd9677e06e
3,tobias.schmid@example.com,Tobias,Schmid,$pbkdf2-sha256$29000$static_salt$55789e79eca2f9a1e0786388b869f34f28a64ccbc37eb85ceeb031fd9677e06e
4,marina.weber@example.com,Marina,Weber,$pbkdf2-sha256$29000$static_salt$55789e79eca2f9a1e0786388b869f34f28a64ccbc37eb85ceeb031fd9677e06e
5,kevin.steiner@example.com,Kevin,Steiner,$pbkdf2-sha256$29000$static_salt$55789e79eca2f9a1e0786388b869f34f28a64ccbc37eb85ceeb031fd9677e06e
6,nora.keller@example.com,Nora,Keller,$pbkdf2-sha256$29000$static_salt$55789e79eca2f9a1e0786388b869f34f28a64ccbc37eb85ceeb031fd9677e06e
7,sandro.baumann@example.com,Sandro,Baumann,$pbkdf2-sha256$29000$static_salt$55789e79eca2f9a1e0786388b869f34f28a64ccbc37eb85ceeb031fd9677e06e
8,laura.hofmann@example.com,Laura,Hofmann,$pbkdf2-sha256$29000$static_salt$55789e79eca2f9a1e0786388b869f34f28a64ccbc37eb85ceeb031fd9677e06e
9,manuel.brugger@example.com,Manuel,Brugger,$pbkdf2-sha256$29000$static_salt$55789e79eca2f9a1e0786388b869f34f28a64ccbc37eb85ceeb031fd9677e06e
10,selina.arnold@example.com,Selina,Arnold,$pbkdf2-sha256$29000$static_salt$55789e79eca2f9a1e0786388b869f34f28a64ccbc37eb85ceeb031fd9677e06e
11,daniel.studer@example.com,Daniel,Studer,$pbkdf2-sha256$29000$static_salt$55789e79eca2f9a1e0786388b869f34f28a64ccbc37eb85ceeb031fd9677e06e
12,reto.berger@example.com,Reto,Berger,$pbkdf2-sha256$29000$static_salt$55789e79eca2f9a1e0786388b869f34f28a64ccbc37eb85ceeb031fd9677e06e
13,silvan.wyss@example.com,Silvan,Wyss,$pbkdf2-sha256$29000$static_salt$55789e79eca2f9a1e0786388b869f34f28a64ccbc37eb85ceeb031fd9677e06e
14,elena.graf@example.com,Elena,Graf,$pbkdf2-sha256$29000$static_salt$55789e79eca2f9a1e0786388b869f34f28a64ccbc37eb85ceeb031fd9677e06e
15,matteo.hess@example.com,Matteo,Hess,$pbkdf2-sha256$29000$static_salt$55789e79eca2f9a1e0786388b869f34f28a64ccbc37eb85ceeb031fd9677e06e
16,zoe.brunner@example.com,Zoe,Brunner,$pbkdf2-sha256$29000$static_salt$55789e79eca2f9a1e0786388b869f34f28a64ccbc37eb85ceeb031fd9677e06e
17,marco.egger@example.com,Marco,Egger,$pbkdf2-sha256$29000$static_salt$55789e79eca2f9a1e0786388b869f34f28a64ccbc37eb85ceeb031fd9677e06e
18,amelie.jost@example.com,Amelie,Jost,$pbkdf2-sha256$29000$static_salt$55789e79eca2f9a1e0786388b869f34f28a64ccbc37eb85ceeb031fd9677e06e
19,florian.rueegg@example.com,Florian,Rueegg,$pbkdf2-sha256$29000$static_salt$55789e79eca2f9a1e0786388b869f34f28a64ccbc37eb85ceeb031fd9677e06e
20,lara.huber@example.com,Lara,Huber,$pbkdf2-sha256$29000$static_salt$55789e79eca2f9a1e0786388b869f34f28a64ccbc37eb85ceeb031fd9677e06e
